Stock_Code,Initial_Capital,Final_Value,Total_Return_Percent,Max_Drawdown_Percent,Trading_Days
BREN,10000000,46884669731.62207,468746.6973162207,0.0,400
BMRI,10000000,292207455.0,2822.07455,0.0,469
BBRI,10000000,255423087.99389648,2454.230879938965,0.0,469
BBCA,10000000,125740115.90185547,1157.4011590185546,0.0,469
BYAN,10000000,93966087.82421875,839.6608782421876,0.0,469
