Stock_Code,Initial_Capital,Final_Value,Total_Return_Percent,Max_Drawdown_Percent,Trading_Days
BREN,10000000,10054147.236206055,0.5414723620605468,0.0,400
BYAN,10000000,10040939.474609375,0.40939474609375,0.0,469
BBCA,10000000,10023100.581542969,0.2310058154296875,0.0,469
BMRI,10000000,10020160.0,0.2016,0.0,469
BBRI,10000000,10013997.464355469,0.1399746435546875,0.0,469
