Stock_Code,Initial_Capital,Final_Value,Total_Return_Percent,Max_Drawdown_Percent,Trading_Days
BREN,10000000,122170101.29016113,1121.7010129016114,-46.205795581600576,400
BMRI,10000000,14536075.0,45.36075,-22.29555996890264,469
BYAN,10000000,13746849.546875,37.46849546875,-14.659594466962133,469
BBRI,10000000,13741470.3203125,37.414703203125,-7.263639329192291,469
BBCA,10000000,13087655.419921875,30.87655419921875,-10.822930101996796,469
