Stock_Code,Initial_Capital,Final_Value,Total_Return_Percent,Max_Drawdown_Percent,Trading_Days
BREN,10000000,59406574.17236328,494.0657417236328,-24.577865974071006,400
BYAN,10000000,9378074.484375,-6.21925515625,-29.07985451548561,469
BMRI,10000000,8861255.0,-11.387450000000001,-29.740555439048507,469
BBRI,10000000,8846260.745117188,-11.537392548828125,-22.784890609383936,469
BBCA,10000000,5617389.654296875,-43.82610345703125,-47.02379127926834,469
