Stock_Code,Initial_Capital,Final_Value,Total_Return_Percent,Max_Drawdown_Percent,Trading_Days
BREN,10000000,58547059.29272461,485.47059292724606,-24.57797099394749,400
BYAN,10000000,9378073.952148438,-6.219260478515625,-29.0798625994381,469
BMRI,10000000,8861255.0,-11.387450000000001,-29.740555439048507,469
BBRI,10000000,8845624.384033203,-11.543756159667968,-22.782149954366755,469
BBCA,10000000,5617391.390625,-43.82608609375,-47.023774240808095,469
